order_id,customer_id,product_id,quantity,promised_date,warehouse_id,priority,total_value
O1001,C001,P101,30,2026-09-08,WH01,High,45000
O1002,C002,P101,20,2026-09-10,WH01,High,30000
O1003,C003,P103,15,2026-09-09,WH02,High,22500
O1004,C004,P101,15,2026-09-11,WH01,Medium,22500
O1005,C005,P101,25,2026-09-12,WH01,High,37500
O1006,C006,P101,10,2026-09-13,WH02,Medium,15000
O1007,C007,P101,18,2026-09-15,WH02,High,27000
O1008,C008,P101,12,2026-09-16,WH01,Low,18000
O1009,C009,P102,30,2026-09-14,WH01,Low,45000
